{"regist_target_img_scalef": 0.10918024, "tissue_hires_scalef": 0.03639341, "tissue_lowres_scalef": 0.010918024, "fiducial_diameter_fullres": 416.51585872483804, "spot_diameter_fullres": 238.00905161682405}