{"regist_target_img_scalef": 0.10861105, "tissue_hires_scalef": 0.036203682, "tissue_lowres_scalef": 0.010861104, "fiducial_diameter_fullres": 413.41321549533023, "spot_diameter_fullres": 236.23612833200863}