{"tissue_hires_scalef": 0.24414062, "tissue_lowres_scalef": 0.07324219, "fiducial_diameter_fullres": 96.03975204478644, "spot_diameter_fullres": 59.45317983724874}