{"tissue_hires_scalef": 0.25201613, "tissue_lowres_scalef": 0.07560484, "fiducial_diameter_fullres": 96.10402062435438, "spot_diameter_fullres": 59.49296514840986}