{"tissue_hires_scalef": 0.21190931, "tissue_lowres_scalef": 0.063572794, "fiducial_diameter_fullres": 115.55588578733015, "spot_diameter_fullres": 71.53459596358533}