{"tissue_hires_scalef": 0.10850695, "tissue_lowres_scalef": 0.032552082, "fiducial_diameter_fullres": 210.25118014605656, "spot_diameter_fullres": 130.15549247136835}